session,id,start,end,last_interaction,started_by,context,final_summary,channel,active,busy,multi_message,experience,human_mode,thread_id,assistant_id,agent_id,csat,current_agent,agent_input_thread,contact_id,tenant_id
006749a3-e333-4125-b489-8ff769564bb3,006749a3-e333-4125-b489-8ff769564bb3,2026-03-12 21:03:55.830658+00:00,2026-03-12 21:04:00.230289+00:00,2026-03-12 21:03:55.842985+00:00,user,,,shopify_webchat,False,False,False,,False,,,b1e1211b-8006-40a4-b66c-6f4952865d32,,Sommelier,,f9e15981-4a53-47d6-a1bc-1ef5096003cb,1
9d800b99-cc7f-4640-b835-db9703c73936,9d800b99-cc7f-4640-b835-db9703c73936,2026-03-12 22:17:50.835696+00:00,2026-03-12 22:17:58.065628+00:00,2026-03-12 22:17:50.862397+00:00,user,,,shopify_webchat,False,False,False,,False,,,b1e1211b-8006-40a4-b66c-6f4952865d32,,Sommelier,,617d185f-fb90-400a-87ea-169a78f87b71,1
de6b7e91-0808-48c0-9984-82fc64e61f72,de6b7e91-0808-48c0-9984-82fc64e61f72,2026-03-12 22:17:50.253573+00:00,2026-03-12 22:17:58.172944+00:00,2026-03-12 22:17:50.288851+00:00,user,,,shopify_webchat,False,False,False,,False,,,b1e1211b-8006-40a4-b66c-6f4952865d32,,Sommelier,,617d185f-fb90-400a-87ea-169a78f87b71,1
dd4be5ee-c9da-4b2d-906a-5f14a7fb8260,dd4be5ee-c9da-4b2d-906a-5f14a7fb8260,2026-03-12 22:17:49.634845+00:00,2026-03-12 22:17:58.191051+00:00,2026-03-12 22:17:49.641575+00:00,user,,,shopify_webchat,False,False,False,,False,,,b1e1211b-8006-40a4-b66c-6f4952865d32,,Sommelier,,617d185f-fb90-400a-87ea-169a78f87b71,1
397da042-e080-4ca0-9828-3320b48b68fc,397da042-e080-4ca0-9828-3320b48b68fc,2026-03-12 22:48:09.798188+00:00,2026-03-12 22:53:09.948950+00:00,2026-03-12 22:48:09.847403+00:00,user,,,shopify_webchat,False,False,False,,False,,,b1e1211b-8006-40a4-b66c-6f4952865d32,,Sommelier,,544eeef0-9687-4094-830d-ed15fbaa5063,1
a0b10a09-e270-4d4b-8e42-e25d04540d19,a0b10a09-e270-4d4b-8e42-e25d04540d19,2026-03-12 22:17:34.854922+00:00,2026-03-12 22:22:35.022186+00:00,2026-03-12 22:17:34.892150+00:00,user,,,shopify_webchat,False,False,False,,False,,,b1e1211b-8006-40a4-b66c-6f4952865d32,,Sommelier,,9d7e65fa-1ae2-4bff-83bf-618e89bf9ee6,1
ab3f5813-f271-4520-8ca6-977793ef1a2c,ab3f5813-f271-4520-8ca6-977793ef1a2c,2026-03-12 22:22:36.726405+00:00,2026-03-12 22:27:36.822559+00:00,2026-03-12 22:22:36.738309+00:00,user,,,shopify_webchat,False,False,False,,False,,,b1e1211b-8006-40a4-b66c-6f4952865d32,,Sommelier,,9d7e65fa-1ae2-4bff-83bf-618e89bf9ee6,1
92ca7e24-8fe6-4a07-9b9a-99a8c70181d4,92ca7e24-8fe6-4a07-9b9a-99a8c70181d4,2026-03-12 22:24:07.455983+00:00,2026-03-12 22:26:29.462972+00:00,2026-03-12 22:24:14.671143+00:00,user,,,shopify_webchat,False,False,False,,False,,,b1e1211b-8006-40a4-b66c-6f4952865d32,,Sommelier,,544eeef0-9687-4094-830d-ed15fbaa5063,1
aa75a54a-1f9e-4652-b096-d3b8f44e2fc6,aa75a54a-1f9e-4652-b096-d3b8f44e2fc6,2026-03-12 21:14:30.488614+00:00,2026-03-12 21:21:09.223966+00:00,2026-03-12 21:16:09.147846+00:00,user,,,shopify_webchat,False,False,False,,False,,,b1e1211b-8006-40a4-b66c-6f4952865d32,,Sommelier,,f9e15981-4a53-47d6-a1bc-1ef5096003cb,1
3ede98b4-1d83-4fc5-a40e-b630e1318b44,3ede98b4-1d83-4fc5-a40e-b630e1318b44,2026-03-12 22:26:30.562952+00:00,2026-03-12 22:26:33.351221+00:00,2026-03-12 22:26:30.596165+00:00,user,,,shopify_webchat,False,False,False,,False,,,b1e1211b-8006-40a4-b66c-6f4952865d32,,Sommelier,,544eeef0-9687-4094-830d-ed15fbaa5063,1
5df34cfb-4605-4916-8b8b-011506522df8,5df34cfb-4605-4916-8b8b-011506522df8,2026-03-12 22:38:11.643774+00:00,2026-03-12 22:43:11.727612+00:00,2026-03-12 22:38:11.667497+00:00,user,,,shopify_webchat,False,False,False,,False,,,b1e1211b-8006-40a4-b66c-6f4952865d32,,Sommelier,,9d7e65fa-1ae2-4bff-83bf-618e89bf9ee6,1
c75935aa-2fc2-4d7c-b5f2-c4f54eab534f,c75935aa-2fc2-4d7c-b5f2-c4f54eab534f,2026-03-12 22:11:50.894948+00:00,2026-03-12 22:11:58.060761+00:00,2026-03-12 22:11:50.920534+00:00,user,,,shopify_webchat,False,False,False,,False,,,b1e1211b-8006-40a4-b66c-6f4952865d32,,Sommelier,,739e9eaf-80a5-4fbb-bfab-d8130bf5e66d,1
bb358d5f-2646-4b72-a85d-93d2fc6a6cad,bb358d5f-2646-4b72-a85d-93d2fc6a6cad,2026-03-12 22:11:51.533546+00:00,2026-03-12 22:11:58.101533+00:00,2026-03-12 22:11:51.551251+00:00,user,,,shopify_webchat,False,False,False,,False,,,b1e1211b-8006-40a4-b66c-6f4952865d32,,Sommelier,,739e9eaf-80a5-4fbb-bfab-d8130bf5e66d,1
552f2495-e503-48cc-a923-60a1081b4fb7,552f2495-e503-48cc-a923-60a1081b4fb7,2026-03-12 22:11:50.238385+00:00,2026-03-12 22:11:58.319364+00:00,2026-03-12 22:11:50.250390+00:00,user,,,shopify_webchat,False,False,False,,False,,,b1e1211b-8006-40a4-b66c-6f4952865d32,,Sommelier,,739e9eaf-80a5-4fbb-bfab-d8130bf5e66d,1
19957d26-5d2a-4e43-87ac-c33df68eccd9,19957d26-5d2a-4e43-87ac-c33df68eccd9,2026-03-12 22:10:59.689662+00:00,2026-03-12 22:16:23.890477+00:00,2026-03-12 22:11:23.811815+00:00,user,,,shopify_webchat,False,False,False,,False,,,b1e1211b-8006-40a4-b66c-6f4952865d32,,Sommelier,,9d7e65fa-1ae2-4bff-83bf-618e89bf9ee6,1
7958ebee-a1c7-47cc-9bf4-270fed76cf1a,7958ebee-a1c7-47cc-9bf4-270fed76cf1a,2026-03-12 22:16:25.480890+00:00,2026-03-12 22:17:33.103768+00:00,2026-03-12 22:16:25.503177+00:00,user,,,shopify_webchat,False,False,False,,False,,,b1e1211b-8006-40a4-b66c-6f4952865d32,,Sommelier,,9d7e65fa-1ae2-4bff-83bf-618e89bf9ee6,1
08ce51c6-5d66-4491-9eed-f8d8db339a6e,08ce51c6-5d66-4491-9eed-f8d8db339a6e,2026-03-12 22:27:38.791911+00:00,2026-03-12 22:32:39.026996+00:00,2026-03-12 22:27:38.830450+00:00,user,,,shopify_webchat,False,False,False,,False,,,b1e1211b-8006-40a4-b66c-6f4952865d32,,Sommelier,,9d7e65fa-1ae2-4bff-83bf-618e89bf9ee6,1
1639e5b5-565f-4c88-abb8-48a689e06da5,1639e5b5-565f-4c88-abb8-48a689e06da5,2026-03-12 22:26:34.215373+00:00,2026-03-12 22:26:56.911914+00:00,2026-03-12 22:26:42.034018+00:00,user,,,shopify_webchat,False,False,False,,False,,,b1e1211b-8006-40a4-b66c-6f4952865d32,,Sommelier,,544eeef0-9687-4094-830d-ed15fbaa5063,1
a7c18600-5a36-497f-b5bf-f481148849a1,a7c18600-5a36-497f-b5bf-f481148849a1,2026-03-12 22:27:28.539091+00:00,2026-03-12 22:32:40.462326+00:00,2026-03-12 22:27:40.399433+00:00,user,,,shopify_webchat,False,False,False,,False,,,b1e1211b-8006-40a4-b66c-6f4952865d32,,Sommelier,,544eeef0-9687-4094-830d-ed15fbaa5063,1
81c0c478-f10b-4380-a3d8-f4d773e1cb6a,81c0c478-f10b-4380-a3d8-f4d773e1cb6a,2026-03-12 22:26:57.864028+00:00,2026-03-12 22:27:27.541774+00:00,2026-03-12 22:27:07.592526+00:00,user,,,shopify_webchat,False,False,False,,False,,,b1e1211b-8006-40a4-b66c-6f4952865d32,,Sommelier,,544eeef0-9687-4094-830d-ed15fbaa5063,1
fdfc02d2-7ef3-4ab0-9be1-67672429f465,fdfc02d2-7ef3-4ab0-9be1-67672429f465,2026-03-12 22:43:05.772957+00:00,2026-03-12 22:48:05.944958+00:00,2026-03-12 22:43:05.816307+00:00,user,,,shopify_webchat,False,False,False,,False,,,b1e1211b-8006-40a4-b66c-6f4952865d32,,Sommelier,,544eeef0-9687-4094-830d-ed15fbaa5063,1
4f3d2619-9126-4ad8-93df-a182d01ba6fd,4f3d2619-9126-4ad8-93df-a182d01ba6fd,2026-03-12 22:32:40.805895+00:00,2026-03-12 22:37:41.199479+00:00,2026-03-12 22:32:40.853782+00:00,user,,,shopify_webchat,False,False,False,,False,,,b1e1211b-8006-40a4-b66c-6f4952865d32,,Sommelier,,9d7e65fa-1ae2-4bff-83bf-618e89bf9ee6,1
d2dfb5ae-5919-48e0-a4fb-038a7e5c39da,d2dfb5ae-5919-48e0-a4fb-038a7e5c39da,2026-03-12 22:32:42.738344+00:00,2026-03-12 22:37:42.932397+00:00,2026-03-12 22:32:42.774823+00:00,user,,,shopify_webchat,False,False,False,,False,,,b1e1211b-8006-40a4-b66c-6f4952865d32,,Sommelier,,544eeef0-9687-4094-830d-ed15fbaa5063,1
53eca24c-71e5-4106-b9d3-4377fd85570b,53eca24c-71e5-4106-b9d3-4377fd85570b,2026-03-12 22:38:03.818352+00:00,2026-03-12 22:43:04.074238+00:00,2026-03-12 22:38:03.840432+00:00,user,,,shopify_webchat,False,False,False,,False,,,b1e1211b-8006-40a4-b66c-6f4952865d32,,Sommelier,,544eeef0-9687-4094-830d-ed15fbaa5063,1
8f91e951-b338-4018-a7d9-0ef07df423ef,8f91e951-b338-4018-a7d9-0ef07df423ef,2026-03-12 22:48:15.714641+00:00,2026-03-12 22:53:15.903903+00:00,2026-03-12 22:48:15.763683+00:00,user,,,shopify_webchat,False,False,False,,False,,,b1e1211b-8006-40a4-b66c-6f4952865d32,,Sommelier,,9d7e65fa-1ae2-4bff-83bf-618e89bf9ee6,1
0159749d-6e85-4aa4-9183-1c7e4b3ba0ea,0159749d-6e85-4aa4-9183-1c7e4b3ba0ea,2026-03-12 22:43:13.783661+00:00,2026-03-12 22:48:13.933789+00:00,2026-03-12 22:43:13.832209+00:00,user,,,shopify_webchat,False,False,False,,False,,,b1e1211b-8006-40a4-b66c-6f4952865d32,,Sommelier,,9d7e65fa-1ae2-4bff-83bf-618e89bf9ee6,1
be271fdc-304c-4cfc-84ac-010988cbe0fd,be271fdc-304c-4cfc-84ac-010988cbe0fd,2026-03-12 21:04:01.475984+00:00,2026-03-12 22:58:10.812541+00:00,2026-03-12 22:08:03.186302+00:00,user,,,shopify_webchat,False,False,False,,False,,,b1e1211b-8006-40a4-b66c-6f4952865d32,,Sommelier,,f9e15981-4a53-47d6-a1bc-1ef5096003cb,1
f45de3c9-c902-4115-b5a2-636aa33d4277,f45de3c9-c902-4115-b5a2-636aa33d4277,2026-03-12 22:53:11.764035+00:00,2026-03-12 22:58:11.927891+00:00,2026-03-12 22:53:11.806516+00:00,user,,,shopify_webchat,False,False,False,,False,,,b1e1211b-8006-40a4-b66c-6f4952865d32,,Sommelier,,544eeef0-9687-4094-830d-ed15fbaa5063,1
53e3bf0b-947f-48cf-b46d-d92dbf0917b7,53e3bf0b-947f-48cf-b46d-d92dbf0917b7,2026-03-12 22:53:17.762682+00:00,2026-03-12 22:58:17.962773+00:00,2026-03-12 22:53:17.815735+00:00,user,,,shopify_webchat,False,False,False,,False,,,b1e1211b-8006-40a4-b66c-6f4952865d32,,Sommelier,,9d7e65fa-1ae2-4bff-83bf-618e89bf9ee6,1
5dc35b8b-0447-4ea6-9634-5e7ee1cd2666,5dc35b8b-0447-4ea6-9634-5e7ee1cd2666,2026-03-12 23:02:14.182696+00:00,2026-03-12 23:02:19.831380+00:00,2026-03-12 23:02:14.188599+00:00,user,,,shopify_webchat,False,False,False,,False,,,b1e1211b-8006-40a4-b66c-6f4952865d32,,Sommelier,,6fcfe53c-1de8-48f1-b812-4035b1fd6016,1
00b4e261-d8af-4e48-941f-cb6e62c94b2c,00b4e261-d8af-4e48-941f-cb6e62c94b2c,2026-03-12 22:58:12.819537+00:00,2026-03-12 23:03:12.947985+00:00,2026-03-12 22:58:12.829340+00:00,user,,,shopify_webchat,False,False,False,,False,,,b1e1211b-8006-40a4-b66c-6f4952865d32,,Sommelier,,f9e15981-4a53-47d6-a1bc-1ef5096003cb,1
e48431c6-4a6b-4d40-b33c-0b2063f99c83,e48431c6-4a6b-4d40-b33c-0b2063f99c83,2026-03-12 23:03:14.458777+00:00,2026-03-12 23:08:14.601659+00:00,2026-03-12 23:03:14.485962+00:00,user,,,shopify_webchat,False,False,False,,False,,,b1e1211b-8006-40a4-b66c-6f4952865d32,,Sommelier,,f9e15981-4a53-47d6-a1bc-1ef5096003cb,1
beffe349-0c3a-497a-b175-d9c7d37ba9af,beffe349-0c3a-497a-b175-d9c7d37ba9af,2026-03-12 22:58:13.721560+00:00,2026-03-12 23:06:36.462733+00:00,2026-03-12 23:01:36.361251+00:00,user,,,shopify_webchat,False,False,False,,False,,,b1e1211b-8006-40a4-b66c-6f4952865d32,,Sommelier,,544eeef0-9687-4094-830d-ed15fbaa5063,1
1d20c82a-b4d4-48fc-bfb4-379e9e147beb,1d20c82a-b4d4-48fc-bfb4-379e9e147beb,2026-03-12 23:06:38.770328+00:00,2026-03-12 23:11:38.978033+00:00,2026-03-12 23:06:38.794889+00:00,user,,,shopify_webchat,False,False,False,,False,,,b1e1211b-8006-40a4-b66c-6f4952865d32,,Sommelier,,544eeef0-9687-4094-830d-ed15fbaa5063,1
b0785722-864c-4ede-8f61-ac28dab719bf,b0785722-864c-4ede-8f61-ac28dab719bf,2026-03-12 22:48:07.911678+00:00,2026-03-13 00:08:30.816959+00:00,2026-03-12 22:48:07.979673+00:00,user,,,shopify_webchat,False,False,False,,False,,,b1e1211b-8006-40a4-b66c-6f4952865d32,,Sommelier,,544eeef0-9687-4094-830d-ed15fbaa5063,1
467b03ad-13bf-4fc9-89e7-e69508232b98,467b03ad-13bf-4fc9-89e7-e69508232b98,2026-03-12 22:58:19.738096+00:00,2026-03-12 23:03:19.919894+00:00,2026-03-12 22:58:19.790654+00:00,user,,,shopify_webchat,False,False,False,,False,,,b1e1211b-8006-40a4-b66c-6f4952865d32,,Sommelier,,9d7e65fa-1ae2-4bff-83bf-618e89bf9ee6,1
076a7f2c-f9aa-4f11-8c8c-844526aa6d6a,076a7f2c-f9aa-4f11-8c8c-844526aa6d6a,2026-03-12 23:02:20.701941+00:00,2026-03-12 23:07:28.384831+00:00,2026-03-12 23:02:28.309575+00:00,user,,,shopify_webchat,False,False,False,,False,,,b1e1211b-8006-40a4-b66c-6f4952865d32,,Sommelier,,6fcfe53c-1de8-48f1-b812-4035b1fd6016,1
c7ab13e0-2823-4e34-a1ec-9723f680cb48,c7ab13e0-2823-4e34-a1ec-9723f680cb48,2026-03-12 23:03:21.717313+00:00,2026-03-12 23:08:21.802220+00:00,2026-03-12 23:03:21.722098+00:00,user,,,shopify_webchat,False,False,False,,False,,,b1e1211b-8006-40a4-b66c-6f4952865d32,,Sommelier,,9d7e65fa-1ae2-4bff-83bf-618e89bf9ee6,1
61144d28-81b1-4514-bbfa-89afd8a68fa4,61144d28-81b1-4514-bbfa-89afd8a68fa4,2026-03-12 23:07:30.778377+00:00,2026-03-12 23:12:30.972280+00:00,2026-03-12 23:07:30.826262+00:00,user,,,shopify_webchat,False,False,False,,False,,,b1e1211b-8006-40a4-b66c-6f4952865d32,,Sommelier,,6fcfe53c-1de8-48f1-b812-4035b1fd6016,1
852841eb-311d-4279-a6e0-1a41d524f21e,852841eb-311d-4279-a6e0-1a41d524f21e,2026-03-12 23:08:16.746040+00:00,2026-03-12 23:13:16.852866+00:00,2026-03-12 23:08:16.760725+00:00,user,,,shopify_webchat,False,False,False,,False,,,b1e1211b-8006-40a4-b66c-6f4952865d32,,Sommelier,,f9e15981-4a53-47d6-a1bc-1ef5096003cb,1
9cce8e99-d37e-42e7-878a-a314297d0030,9cce8e99-d37e-42e7-878a-a314297d0030,2026-03-12 23:08:23.663247+00:00,2026-03-12 23:13:23.792325+00:00,2026-03-12 23:08:23.694938+00:00,user,,,shopify_webchat,False,False,False,,False,,,b1e1211b-8006-40a4-b66c-6f4952865d32,,Sommelier,,9d7e65fa-1ae2-4bff-83bf-618e89bf9ee6,1
af84616f-7f86-4f7c-a092-118d8ae02a94,af84616f-7f86-4f7c-a092-118d8ae02a94,2026-03-12 23:11:40.755344+00:00,2026-03-12 23:16:40.926661+00:00,2026-03-12 23:11:40.791865+00:00,user,,,shopify_webchat,False,False,False,,False,,,b1e1211b-8006-40a4-b66c-6f4952865d32,,Sommelier,,544eeef0-9687-4094-830d-ed15fbaa5063,1
2166787e-986b-4785-bc4f-b43c5f05b86e,2166787e-986b-4785-bc4f-b43c5f05b86e,2026-03-12 23:12:32.758692+00:00,2026-03-12 23:17:32.958990+00:00,2026-03-12 23:12:32.806596+00:00,user,,,shopify_webchat,False,False,False,,False,,,b1e1211b-8006-40a4-b66c-6f4952865d32,,Sommelier,,6fcfe53c-1de8-48f1-b812-4035b1fd6016,1
3337ec51-1880-4bdd-b015-2f37a00e95d6,3337ec51-1880-4bdd-b015-2f37a00e95d6,2026-03-12 23:13:18.759834+00:00,2026-03-12 23:18:18.917968+00:00,2026-03-12 23:13:18.792567+00:00,user,,,shopify_webchat,False,False,False,,False,,,b1e1211b-8006-40a4-b66c-6f4952865d32,,Sommelier,,f9e15981-4a53-47d6-a1bc-1ef5096003cb,1
4e540416-2f3a-435e-891d-1e90f1d705c4,4e540416-2f3a-435e-891d-1e90f1d705c4,2026-03-12 23:13:28.735980+00:00,2026-03-12 23:18:28.858504+00:00,2026-03-12 23:13:28.758275+00:00,user,,,shopify_webchat,False,False,False,,False,,,b1e1211b-8006-40a4-b66c-6f4952865d32,,Sommelier,,9d7e65fa-1ae2-4bff-83bf-618e89bf9ee6,1
4d550d13-9d14-415a-aa6e-fdd245cd8a93,4d550d13-9d14-415a-aa6e-fdd245cd8a93,2026-03-12 23:17:34.764243+00:00,2026-03-12 23:22:34.980251+00:00,2026-03-12 23:17:34.829007+00:00,user,,,shopify_webchat,False,False,False,,False,,,b1e1211b-8006-40a4-b66c-6f4952865d32,,Sommelier,,6fcfe53c-1de8-48f1-b812-4035b1fd6016,1
231e8776-e099-47b1-a553-1773b35aaa45,231e8776-e099-47b1-a553-1773b35aaa45,2026-03-12 23:27:07.497930+00:00,2026-03-12 23:27:18.205932+00:00,2026-03-12 23:27:07.517328+00:00,user,,,shopify_webchat,False,False,False,,False,,,b1e1211b-8006-40a4-b66c-6f4952865d32,,Sommelier,,51a4ed45-47c2-4157-bbf6-e55c192e4546,1
084e1fa2-3eeb-4984-8135-67ab648664bc,084e1fa2-3eeb-4984-8135-67ab648664bc,2026-03-12 23:27:31.987584+00:00,2026-03-12 23:27:36.840653+00:00,2026-03-12 23:27:32.013110+00:00,user,,,shopify_webchat,False,False,False,,False,,,b1e1211b-8006-40a4-b66c-6f4952865d32,,Sommelier,,31ace4e4-73a9-4f90-b258-02853d2abddb,1
be597be7-709c-42a2-afa3-25188040163c,be597be7-709c-42a2-afa3-25188040163c,2026-03-12 23:27:31.404245+00:00,2026-03-12 23:27:36.868234+00:00,2026-03-12 23:27:31.429119+00:00,user,,,shopify_webchat,False,False,False,,False,,,b1e1211b-8006-40a4-b66c-6f4952865d32,,Sommelier,,31ace4e4-73a9-4f90-b258-02853d2abddb,1
d3d73699-5a6f-4144-aa19-1f69f069900c,d3d73699-5a6f-4144-aa19-1f69f069900c,2026-03-12 23:27:30.773030+00:00,2026-03-12 23:27:37.477479+00:00,2026-03-12 23:27:30.781928+00:00,user,,,shopify_webchat,False,False,False,,False,,,b1e1211b-8006-40a4-b66c-6f4952865d32,,Sommelier,,31ace4e4-73a9-4f90-b258-02853d2abddb,1
55bfea1a-6d22-46e3-8c2a-c877843a8ed0,55bfea1a-6d22-46e3-8c2a-c877843a8ed0,2026-03-12 23:27:43.046529+00:00,2026-03-12 23:28:08.140879+00:00,2026-03-12 23:27:43.056927+00:00,user,,,shopify_webchat,False,False,False,,False,,,b1e1211b-8006-40a4-b66c-6f4952865d32,,Sommelier,,31ace4e4-73a9-4f90-b258-02853d2abddb,1
4b28a433-5b1d-453e-ab53-3d64c831b2ab,4b28a433-5b1d-453e-ab53-3d64c831b2ab,2026-03-12 23:27:42.633622+00:00,2026-03-12 23:28:08.167743+00:00,2026-03-12 23:27:42.658548+00:00,user,,,shopify_webchat,False,False,False,,False,,,b1e1211b-8006-40a4-b66c-6f4952865d32,,Sommelier,,31ace4e4-73a9-4f90-b258-02853d2abddb,1
75329c43-18e1-4594-85bd-e3a336573324,75329c43-18e1-4594-85bd-e3a336573324,2026-03-12 23:27:42.106614+00:00,2026-03-12 23:28:08.194632+00:00,2026-03-12 23:27:42.133761+00:00,user,,,shopify_webchat,False,False,False,,False,,,b1e1211b-8006-40a4-b66c-6f4952865d32,,Sommelier,,31ace4e4-73a9-4f90-b258-02853d2abddb,1
710715d4-c08a-4b11-aa0e-2819e4193b5a,710715d4-c08a-4b11-aa0e-2819e4193b5a,2026-03-12 23:27:19.143087+00:00,2026-03-12 23:28:08.215024+00:00,2026-03-12 23:27:19.191219+00:00,user,,,shopify_webchat,False,False,False,,False,,,b1e1211b-8006-40a4-b66c-6f4952865d32,,Sommelier,,51a4ed45-47c2-4157-bbf6-e55c192e4546,1
8cd57b51-6241-4da7-aa71-e67c04a6c2a7,8cd57b51-6241-4da7-aa71-e67c04a6c2a7,2026-03-12 23:24:39.421031+00:00,2026-03-12 23:28:08.225795+00:00,2026-03-12 23:24:39.446108+00:00,user,,,shopify_webchat,False,False,False,,False,,,b1e1211b-8006-40a4-b66c-6f4952865d32,,Sommelier,,f9e15981-4a53-47d6-a1bc-1ef5096003cb,1
b7e27ea0-de69-4bee-b2f9-0b343687e451,b7e27ea0-de69-4bee-b2f9-0b343687e451,2026-03-12 23:24:39.148175+00:00,2026-03-12 23:28:08.237003+00:00,2026-03-12 23:24:39.171563+00:00,user,,,shopify_webchat,False,False,False,,False,,,b1e1211b-8006-40a4-b66c-6f4952865d32,,Sommelier,,9d7e65fa-1ae2-4bff-83bf-618e89bf9ee6,1
64941f0a-d749-462f-87a0-725b377a267d,64941f0a-d749-462f-87a0-725b377a267d,2026-03-12 23:24:38.641724+00:00,2026-03-12 23:28:08.263103+00:00,2026-03-12 23:24:38.663045+00:00,user,,,shopify_webchat,False,False,False,,False,,,b1e1211b-8006-40a4-b66c-6f4952865d32,,Sommelier,,6fcfe53c-1de8-48f1-b812-4035b1fd6016,1
a8a732a9-1669-4430-b805-72b06ad0a5d9,a8a732a9-1669-4430-b805-72b06ad0a5d9,2026-03-12 23:28:10.837788+00:00,2026-03-12 23:33:10.935836+00:00,2026-03-12 23:28:10.851828+00:00,user,,,shopify_webchat,False,False,False,,False,,,b1e1211b-8006-40a4-b66c-6f4952865d32,,Sommelier,,9d7e65fa-1ae2-4bff-83bf-618e89bf9ee6,1
5aa84be9-13d5-4fa1-81b0-5e9438dbcff6,5aa84be9-13d5-4fa1-81b0-5e9438dbcff6,2026-03-12 23:28:13.525138+00:00,2026-03-12 23:33:14.046758+00:00,2026-03-12 23:28:13.565848+00:00,user,,,shopify_webchat,False,False,False,,False,,,b1e1211b-8006-40a4-b66c-6f4952865d32,,Sommelier,,f9e15981-4a53-47d6-a1bc-1ef5096003cb,1
1f4abbfc-98b6-4aa3-a05e-4dc8d67b471e,1f4abbfc-98b6-4aa3-a05e-4dc8d67b471e,2026-03-12 23:28:14.122497+00:00,2026-03-12 23:33:14.362020+00:00,2026-03-12 23:28:14.151050+00:00,user,,,shopify_webchat,False,False,False,,False,,,b1e1211b-8006-40a4-b66c-6f4952865d32,,Sommelier,,31ace4e4-73a9-4f90-b258-02853d2abddb,1
f5ce5cb8-9ec6-49aa-9cd9-800bbab32240,f5ce5cb8-9ec6-49aa-9cd9-800bbab32240,2026-03-12 23:28:14.580901+00:00,2026-03-12 23:33:14.689714+00:00,2026-03-12 23:28:14.599172+00:00,user,,,shopify_webchat,False,False,False,,False,,,b1e1211b-8006-40a4-b66c-6f4952865d32,,Sommelier,,31ace4e4-73a9-4f90-b258-02853d2abddb,1
0a67b0f6-01da-4017-8ca4-fa476ddc0ac9,0a67b0f6-01da-4017-8ca4-fa476ddc0ac9,2026-03-12 23:28:14.671856+00:00,2026-03-12 23:33:14.781809+00:00,2026-03-12 23:28:14.683392+00:00,user,,,shopify_webchat,False,False,False,,False,,,b1e1211b-8006-40a4-b66c-6f4952865d32,,Sommelier,,51a4ed45-47c2-4157-bbf6-e55c192e4546,1
395143f1-de34-4324-9e9d-892d04cff00f,395143f1-de34-4324-9e9d-892d04cff00f,2026-03-12 23:28:14.916068+00:00,2026-03-12 23:33:15.043879+00:00,2026-03-12 23:28:14.950653+00:00,user,,,shopify_webchat,False,False,False,,False,,,b1e1211b-8006-40a4-b66c-6f4952865d32,,Sommelier,,6fcfe53c-1de8-48f1-b812-4035b1fd6016,1
7030361c-cc64-4f9d-b935-cbfb82fa9a2d,7030361c-cc64-4f9d-b935-cbfb82fa9a2d,2026-03-12 23:33:12.798519+00:00,2026-03-12 23:38:12.970253+00:00,2026-03-12 23:33:12.824957+00:00,user,,,shopify_webchat,False,False,False,,False,,,b1e1211b-8006-40a4-b66c-6f4952865d32,,Sommelier,,9d7e65fa-1ae2-4bff-83bf-618e89bf9ee6,1
e8331fb4-47fd-4542-a32f-9244bd315e8b,e8331fb4-47fd-4542-a32f-9244bd315e8b,2026-03-12 23:33:15.927456+00:00,2026-03-12 23:38:16.035293+00:00,2026-03-12 23:33:15.942195+00:00,user,,,shopify_webchat,False,False,False,,False,,,b1e1211b-8006-40a4-b66c-6f4952865d32,,Sommelier,,f9e15981-4a53-47d6-a1bc-1ef5096003cb,1
1f3c65da-ae90-4cc8-8665-b3ce1fc5cb32,1f3c65da-ae90-4cc8-8665-b3ce1fc5cb32,2026-03-12 23:33:16.898570+00:00,2026-03-12 23:38:16.973345+00:00,2026-03-12 23:33:16.908694+00:00,user,,,shopify_webchat,False,False,False,,False,,,b1e1211b-8006-40a4-b66c-6f4952865d32,,Sommelier,,51a4ed45-47c2-4157-bbf6-e55c192e4546,1
57712369-8216-446a-b9db-0cd76dbcf33e,57712369-8216-446a-b9db-0cd76dbcf33e,2026-03-12 23:18:20.802697+00:00,2026-03-13 00:37:09.892141+00:00,2026-03-12 23:18:20.852678+00:00,user,,,shopify_webchat,False,False,False,,False,,,b1e1211b-8006-40a4-b66c-6f4952865d32,,Sommelier,,f9e15981-4a53-47d6-a1bc-1ef5096003cb,1
c1e7438b-2036-4ffe-9e94-4fa234d1d0dd,c1e7438b-2036-4ffe-9e94-4fa234d1d0dd,2026-03-12 23:18:30.701655+00:00,2026-03-13 00:37:11.891514+00:00,2026-03-12 23:18:30.759081+00:00,user,,,shopify_webchat,False,False,False,,False,,,b1e1211b-8006-40a4-b66c-6f4952865d32,,Sommelier,,9d7e65fa-1ae2-4bff-83bf-618e89bf9ee6,1
fdd3fb96-48eb-41d1-a124-45aeb006ee6e,fdd3fb96-48eb-41d1-a124-45aeb006ee6e,2026-03-12 23:22:36.789298+00:00,2026-03-13 00:37:11.245899+00:00,2026-03-12 23:22:36.833614+00:00,user,,,shopify_webchat,False,False,False,,False,,,b1e1211b-8006-40a4-b66c-6f4952865d32,,Sommelier,,6fcfe53c-1de8-48f1-b812-4035b1fd6016,1
6d218b83-14bb-4c44-a658-2d6ff97efd82,6d218b83-14bb-4c44-a658-2d6ff97efd82,2026-03-12 23:13:25.810200+00:00,2026-03-13 01:50:26.855938+00:00,2026-03-12 23:13:25.921310+00:00,user,,,shopify_webchat,False,False,False,,False,,,b1e1211b-8006-40a4-b66c-6f4952865d32,,Sommelier,,9d7e65fa-1ae2-4bff-83bf-618e89bf9ee6,1
9c6a062b-0ab7-4122-9aca-d2d7c5f5e047,9c6a062b-0ab7-4122-9aca-d2d7c5f5e047,2026-03-12 23:28:17.816046+00:00,2026-03-12 23:33:17.898910+00:00,2026-03-12 23:28:17.827139+00:00,user,,,shopify_webchat,False,False,False,,False,,,b1e1211b-8006-40a4-b66c-6f4952865d32,,Sommelier,,31ace4e4-73a9-4f90-b258-02853d2abddb,1
5d0af586-5e73-437f-a112-9b112c251164,5d0af586-5e73-437f-a112-9b112c251164,2026-03-12 23:33:16.954326+00:00,2026-03-12 23:38:17.026126+00:00,2026-03-12 23:33:16.963162+00:00,user,,,shopify_webchat,False,False,False,,False,,,b1e1211b-8006-40a4-b66c-6f4952865d32,,Sommelier,,31ace4e4-73a9-4f90-b258-02853d2abddb,1
fc686a09-15c8-4a36-942d-d2b55f802a70,fc686a09-15c8-4a36-942d-d2b55f802a70,2026-03-12 23:33:17.290943+00:00,2026-03-12 23:38:17.407171+00:00,2026-03-12 23:33:17.321868+00:00,user,,,shopify_webchat,False,False,False,,False,,,b1e1211b-8006-40a4-b66c-6f4952865d32,,Sommelier,,31ace4e4-73a9-4f90-b258-02853d2abddb,1
1c894bab-f6bc-4d91-871b-5a564ab13dd7,1c894bab-f6bc-4d91-871b-5a564ab13dd7,2026-03-12 23:33:17.706093+00:00,2026-03-12 23:38:17.881993+00:00,2026-03-12 23:33:17.739324+00:00,user,,,shopify_webchat,False,False,False,,False,,,b1e1211b-8006-40a4-b66c-6f4952865d32,,Sommelier,,6fcfe53c-1de8-48f1-b812-4035b1fd6016,1
789e909c-9d78-44c3-b13c-808c3138ecc2,789e909c-9d78-44c3-b13c-808c3138ecc2,2026-03-12 23:33:19.766291+00:00,2026-03-12 23:38:19.952406+00:00,2026-03-12 23:33:19.814619+00:00,user,,,shopify_webchat,False,False,False,,False,,,b1e1211b-8006-40a4-b66c-6f4952865d32,,Sommelier,,31ace4e4-73a9-4f90-b258-02853d2abddb,1
af18e8ad-f8d1-4473-a593-97e9e0403e6c,af18e8ad-f8d1-4473-a593-97e9e0403e6c,2026-03-12 23:38:15.046152+00:00,2026-03-12 23:43:15.236004+00:00,2026-03-12 23:38:15.088765+00:00,user,,,shopify_webchat,False,False,False,,False,,,b1e1211b-8006-40a4-b66c-6f4952865d32,,Sommelier,,9d7e65fa-1ae2-4bff-83bf-618e89bf9ee6,1
00b141bf-3d1e-4c2a-ae30-7b54dbff73ee,00b141bf-3d1e-4c2a-ae30-7b54dbff73ee,2026-03-12 23:38:17.768786+00:00,2026-03-12 23:43:17.936868+00:00,2026-03-12 23:38:17.818799+00:00,user,,,shopify_webchat,False,False,False,,False,,,b1e1211b-8006-40a4-b66c-6f4952865d32,,Sommelier,,f9e15981-4a53-47d6-a1bc-1ef5096003cb,1
3a3b69a4-2941-4dcc-b7b0-5e2b053da9f0,3a3b69a4-2941-4dcc-b7b0-5e2b053da9f0,2026-03-12 23:38:18.802512+00:00,2026-03-12 23:43:19.005849+00:00,2026-03-12 23:38:18.837519+00:00,user,,,shopify_webchat,False,False,False,,False,,,b1e1211b-8006-40a4-b66c-6f4952865d32,,Sommelier,,51a4ed45-47c2-4157-bbf6-e55c192e4546,1
33403745-80d6-424b-80d1-24e53f8a573d,33403745-80d6-424b-80d1-24e53f8a573d,2026-03-12 23:38:19.026620+00:00,2026-03-12 23:43:19.157836+00:00,2026-03-12 23:38:19.060490+00:00,user,,,shopify_webchat,False,False,False,,False,,,b1e1211b-8006-40a4-b66c-6f4952865d32,,Sommelier,,31ace4e4-73a9-4f90-b258-02853d2abddb,1
77575e9a-d3a9-4a0e-b78b-0557b11a41b1,77575e9a-d3a9-4a0e-b78b-0557b11a41b1,2026-03-12 23:38:19.756002+00:00,2026-03-12 23:43:19.918710+00:00,2026-03-12 23:38:19.793891+00:00,user,,,shopify_webchat,False,False,False,,False,,,b1e1211b-8006-40a4-b66c-6f4952865d32,,Sommelier,,31ace4e4-73a9-4f90-b258-02853d2abddb,1
7654156b-1c4a-44e3-9d66-792c6f35335e,7654156b-1c4a-44e3-9d66-792c6f35335e,2026-03-12 23:38:20.237250+00:00,2026-03-12 23:43:20.401248+00:00,2026-03-12 23:38:20.279271+00:00,user,,,shopify_webchat,False,False,False,,False,,,b1e1211b-8006-40a4-b66c-6f4952865d32,,Sommelier,,6fcfe53c-1de8-48f1-b812-4035b1fd6016,1
c93fc1a9-671a-488c-bb9e-d86163852ef0,c93fc1a9-671a-488c-bb9e-d86163852ef0,2026-03-12 23:38:21.652869+00:00,2026-03-12 23:43:21.946372+00:00,2026-03-12 23:38:21.676466+00:00,user,,,shopify_webchat,False,False,False,,False,,,b1e1211b-8006-40a4-b66c-6f4952865d32,,Sommelier,,31ace4e4-73a9-4f90-b258-02853d2abddb,1
a9a3469b-82e5-4b15-b698-0b1d8947c79f,a9a3469b-82e5-4b15-b698-0b1d8947c79f,2026-03-12 23:43:16.994169+00:00,2026-03-12 23:48:17.210633+00:00,2026-03-12 23:43:17.021507+00:00,user,,,shopify_webchat,False,False,False,,False,,,b1e1211b-8006-40a4-b66c-6f4952865d32,,Sommelier,,9d7e65fa-1ae2-4bff-83bf-618e89bf9ee6,1
3ce932d3-e957-4a56-b314-95a3a5e9f9f0,3ce932d3-e957-4a56-b314-95a3a5e9f9f0,2026-03-12 23:43:19.701441+00:00,2026-03-12 23:48:19.861679+00:00,2026-03-12 23:43:19.723981+00:00,user,,,shopify_webchat,False,False,False,,False,,,b1e1211b-8006-40a4-b66c-6f4952865d32,,Sommelier,,f9e15981-4a53-47d6-a1bc-1ef5096003cb,1
a561885d-05ef-4987-a673-7843178fdab2,a561885d-05ef-4987-a673-7843178fdab2,2026-03-12 23:43:21.037782+00:00,2026-03-12 23:48:21.185153+00:00,2026-03-12 23:43:21.059966+00:00,user,,,shopify_webchat,False,False,False,,False,,,b1e1211b-8006-40a4-b66c-6f4952865d32,,Sommelier,,31ace4e4-73a9-4f90-b258-02853d2abddb,1
f4a38df8-59af-46cc-8d77-ffd4dd04c0d2,f4a38df8-59af-46cc-8d77-ffd4dd04c0d2,2026-03-12 23:43:20.909705+00:00,2026-03-12 23:48:21.201637+00:00,2026-03-12 23:43:20.945971+00:00,user,,,shopify_webchat,False,False,False,,False,,,b1e1211b-8006-40a4-b66c-6f4952865d32,,Sommelier,,51a4ed45-47c2-4157-bbf6-e55c192e4546,1
c9efa30a-31ce-466a-80bb-3a20d5bf1c16,c9efa30a-31ce-466a-80bb-3a20d5bf1c16,2026-03-12 23:43:21.849308+00:00,2026-03-12 23:48:21.995666+00:00,2026-03-12 23:43:21.894633+00:00,user,,,shopify_webchat,False,False,False,,False,,,b1e1211b-8006-40a4-b66c-6f4952865d32,,Sommelier,,31ace4e4-73a9-4f90-b258-02853d2abddb,1
ff657ab1-247f-44fc-8267-f3895cc54dcc,ff657ab1-247f-44fc-8267-f3895cc54dcc,2026-03-12 23:43:22.803376+00:00,2026-03-12 23:48:22.950025+00:00,2026-03-12 23:43:22.833027+00:00,user,,,shopify_webchat,False,False,False,,False,,,b1e1211b-8006-40a4-b66c-6f4952865d32,,Sommelier,,6fcfe53c-1de8-48f1-b812-4035b1fd6016,1
b91bc86f-4672-4062-af95-7ea1aa0ecfb0,b91bc86f-4672-4062-af95-7ea1aa0ecfb0,2026-03-12 23:43:23.712225+00:00,2026-03-12 23:48:24.105283+00:00,2026-03-12 23:43:23.729859+00:00,user,,,shopify_webchat,False,False,False,,False,,,b1e1211b-8006-40a4-b66c-6f4952865d32,,Sommelier,,31ace4e4-73a9-4f90-b258-02853d2abddb,1
03b26bd6-c0e2-4dd8-8772-ef8140d00dd6,03b26bd6-c0e2-4dd8-8772-ef8140d00dd6,2026-03-12 23:48:18.945424+00:00,2026-03-12 23:53:19.128483+00:00,2026-03-12 23:48:18.979812+00:00,user,,,shopify_webchat,False,False,False,,False,,,b1e1211b-8006-40a4-b66c-6f4952865d32,,Sommelier,,9d7e65fa-1ae2-4bff-83bf-618e89bf9ee6,1
19385164-bfea-4f8e-bb7a-ddf2b187cc28,19385164-bfea-4f8e-bb7a-ddf2b187cc28,2026-03-12 23:48:23.928476+00:00,2026-03-12 23:53:24.112085+00:00,2026-03-12 23:48:23.978267+00:00,user,,,shopify_webchat,False,False,False,,False,,,b1e1211b-8006-40a4-b66c-6f4952865d32,,Sommelier,,31ace4e4-73a9-4f90-b258-02853d2abddb,1
a8e0effb-607f-4d1a-9776-183e0f04ad14,a8e0effb-607f-4d1a-9776-183e0f04ad14,2026-03-12 23:48:24.449042+00:00,2026-03-12 23:53:24.666103+00:00,2026-03-12 23:48:24.481063+00:00,user,,,shopify_webchat,False,False,False,,False,,,b1e1211b-8006-40a4-b66c-6f4952865d32,,Sommelier,,31ace4e4-73a9-4f90-b258-02853d2abddb,1
2e23aebb-f8e3-4358-9fc2-1e2c05c614cd,2e23aebb-f8e3-4358-9fc2-1e2c05c614cd,2026-03-12 23:48:24.785637+00:00,2026-03-12 23:53:24.962560+00:00,2026-03-12 23:48:24.825562+00:00,user,,,shopify_webchat,False,False,False,,False,,,b1e1211b-8006-40a4-b66c-6f4952865d32,,Sommelier,,6fcfe53c-1de8-48f1-b812-4035b1fd6016,1
980bedb8-1bf4-47e2-ba21-ceb1510cc097,980bedb8-1bf4-47e2-ba21-ceb1510cc097,2026-03-12 23:48:25.734000+00:00,2026-03-12 23:53:25.914099+00:00,2026-03-12 23:48:25.775787+00:00,user,,,shopify_webchat,False,False,False,,False,,,b1e1211b-8006-40a4-b66c-6f4952865d32,,Sommelier,,31ace4e4-73a9-4f90-b258-02853d2abddb,1
ca854349-8f45-42eb-a726-91d434306800,ca854349-8f45-42eb-a726-91d434306800,2026-03-12 23:48:26.686570+00:00,2026-03-12 23:53:26.886962+00:00,2026-03-12 23:48:26.710791+00:00,user,,,shopify_webchat,False,False,False,,False,,,b1e1211b-8006-40a4-b66c-6f4952865d32,,Sommelier,,51a4ed45-47c2-4157-bbf6-e55c192e4546,1
720ee374-14d7-4d88-913e-449343f1fc5f,720ee374-14d7-4d88-913e-449343f1fc5f,2026-03-12 23:53:20.808798+00:00,2026-03-12 23:58:20.964467+00:00,2026-03-12 23:53:20.868166+00:00,user,,,shopify_webchat,False,False,False,,False,,,b1e1211b-8006-40a4-b66c-6f4952865d32,,Sommelier,,9d7e65fa-1ae2-4bff-83bf-618e89bf9ee6,1
60c84652-d9e5-4255-a010-1731712c95ae,60c84652-d9e5-4255-a010-1731712c95ae,2026-03-12 23:53:25.782067+00:00,2026-03-12 23:58:25.941683+00:00,2026-03-12 23:53:25.822389+00:00,user,,,shopify_webchat,False,False,False,,False,,,b1e1211b-8006-40a4-b66c-6f4952865d32,,Sommelier,,31ace4e4-73a9-4f90-b258-02853d2abddb,1
a22b6773-9a45-4adc-a2c8-981281388ee6,a22b6773-9a45-4adc-a2c8-981281388ee6,2026-03-12 23:53:26.928729+00:00,2026-03-12 23:58:27.093476+00:00,2026-03-12 23:53:26.966922+00:00,user,,,shopify_webchat,False,False,False,,False,,,b1e1211b-8006-40a4-b66c-6f4952865d32,,Sommelier,,31ace4e4-73a9-4f90-b258-02853d2abddb,1
7330c007-aaf9-4662-9d59-7c9d7c667201,7330c007-aaf9-4662-9d59-7c9d7c667201,2026-03-12 23:53:27.794368+00:00,2026-03-12 23:58:27.966424+00:00,2026-03-12 23:53:27.839457+00:00,user,,,shopify_webchat,False,False,False,,False,,,b1e1211b-8006-40a4-b66c-6f4952865d32,,Sommelier,,31ace4e4-73a9-4f90-b258-02853d2abddb,1
03e72f1d-e85e-4f78-80de-b8d480b1cf97,03e72f1d-e85e-4f78-80de-b8d480b1cf97,2026-03-12 23:58:27.700745+00:00,2026-03-13 00:03:27.815100+00:00,2026-03-12 23:58:27.718694+00:00,user,,,shopify_webchat,False,False,False,,False,,,b1e1211b-8006-40a4-b66c-6f4952865d32,,Sommelier,,31ace4e4-73a9-4f90-b258-02853d2abddb,1
fb234044-d21f-405a-9335-5425229ab208,fb234044-d21f-405a-9335-5425229ab208,2026-03-12 23:58:29.043158+00:00,2026-03-13 00:03:29.200222+00:00,2026-03-12 23:58:29.095819+00:00,user,,,shopify_webchat,False,False,False,,False,,,b1e1211b-8006-40a4-b66c-6f4952865d32,,Sommelier,,31ace4e4-73a9-4f90-b258-02853d2abddb,1
cc014b21-fc35-4ed7-ab9e-4aaae64e8f44,cc014b21-fc35-4ed7-ab9e-4aaae64e8f44,2026-03-12 23:58:29.772037+00:00,2026-03-13 00:03:30.028315+00:00,2026-03-12 23:58:29.785741+00:00,user,,,shopify_webchat,False,False,False,,False,,,b1e1211b-8006-40a4-b66c-6f4952865d32,,Sommelier,,31ace4e4-73a9-4f90-b258-02853d2abddb,1
03dae43a-9233-4c95-9633-f16f5619268c,03dae43a-9233-4c95-9633-f16f5619268c,2026-03-13 00:03:29.877749+00:00,2026-03-13 00:08:30.069052+00:00,2026-03-13 00:03:29.920081+00:00,user,,,shopify_webchat,False,False,False,,False,,,b1e1211b-8006-40a4-b66c-6f4952865d32,,Sommelier,,31ace4e4-73a9-4f90-b258-02853d2abddb,1
f203db1e-0f62-4f8f-8364-bfcceaa19a34,f203db1e-0f62-4f8f-8364-bfcceaa19a34,2026-03-13 00:03:30.881924+00:00,2026-03-13 00:08:31.009438+00:00,2026-03-13 00:03:30.903895+00:00,user,,,shopify_webchat,False,False,False,,False,,,b1e1211b-8006-40a4-b66c-6f4952865d32,,Sommelier,,31ace4e4-73a9-4f90-b258-02853d2abddb,1
be4c39ac-256c-4625-93d5-407d3297d87c,be4c39ac-256c-4625-93d5-407d3297d87c,2026-03-12 23:53:28.799118+00:00,2026-03-13 01:10:32.023854+00:00,2026-03-12 23:53:28.812934+00:00,user,,,shopify_webchat,False,False,False,,False,,,b1e1211b-8006-40a4-b66c-6f4952865d32,,Sommelier,,51a4ed45-47c2-4157-bbf6-e55c192e4546,1
006ccf65-7cd7-4254-bb0c-4ddcbc8307b4,006ccf65-7cd7-4254-bb0c-4ddcbc8307b4,2026-03-12 23:58:30.799471+00:00,2026-03-13 00:03:30.954649+00:00,2026-03-12 23:58:30.824636+00:00,user,,,shopify_webchat,False,False,False,,False,,,b1e1211b-8006-40a4-b66c-6f4952865d32,,Sommelier,,51a4ed45-47c2-4157-bbf6-e55c192e4546,1
55d7d7a5-d198-4164-9225-074cb2325be7,55d7d7a5-d198-4164-9225-074cb2325be7,2026-03-13 00:03:31.982314+00:00,2026-03-13 00:08:32.140200+00:00,2026-03-13 00:03:32.025053+00:00,user,,,shopify_webchat,False,False,False,,False,,,b1e1211b-8006-40a4-b66c-6f4952865d32,,Sommelier,,31ace4e4-73a9-4f90-b258-02853d2abddb,1
dc03b57f-1915-45ef-94c4-96e400712226,dc03b57f-1915-45ef-94c4-96e400712226,2026-03-13 00:03:32.800768+00:00,2026-03-13 00:08:33.165692+00:00,2026-03-13 00:03:32.836669+00:00,user,,,shopify_webchat,False,False,False,,False,,,b1e1211b-8006-40a4-b66c-6f4952865d32,,Sommelier,,51a4ed45-47c2-4157-bbf6-e55c192e4546,1
17dc610d-0955-48e6-8449-a49b1272f3a4,17dc610d-0955-48e6-8449-a49b1272f3a4,2026-03-13 00:08:31.766570+00:00,2026-03-13 00:13:31.944628+00:00,2026-03-13 00:08:31.811295+00:00,user,,,shopify_webchat,False,False,False,,False,,,b1e1211b-8006-40a4-b66c-6f4952865d32,,Sommelier,,31ace4e4-73a9-4f90-b258-02853d2abddb,1
463172cf-cb06-4ce7-8fec-70d774baea3c,463172cf-cb06-4ce7-8fec-70d774baea3c,2026-03-13 00:08:32.877358+00:00,2026-03-13 00:13:33.124751+00:00,2026-03-13 00:08:32.927414+00:00,user,,,shopify_webchat,False,False,False,,False,,,b1e1211b-8006-40a4-b66c-6f4952865d32,,Sommelier,,31ace4e4-73a9-4f90-b258-02853d2abddb,1
8889b9e9-a904-4a56-abdd-5242f0af5f8e,8889b9e9-a904-4a56-abdd-5242f0af5f8e,2026-03-13 00:08:33.123910+00:00,2026-03-13 00:13:33.214781+00:00,2026-03-13 00:08:33.130111+00:00,user,,,shopify_webchat,False,False,False,,False,,,b1e1211b-8006-40a4-b66c-6f4952865d32,,Sommelier,,544eeef0-9687-4094-830d-ed15fbaa5063,1
fc6f58d4-3543-463c-a5e6-fb5e35b40457,fc6f58d4-3543-463c-a5e6-fb5e35b40457,2026-03-13 00:08:33.972496+00:00,2026-03-13 00:13:34.201791+00:00,2026-03-13 00:08:34.027767+00:00,user,,,shopify_webchat,False,False,False,,False,,,b1e1211b-8006-40a4-b66c-6f4952865d32,,Sommelier,,31ace4e4-73a9-4f90-b258-02853d2abddb,1
6a07043b-e2c5-4e03-b2a4-b17659bfcca7,6a07043b-e2c5-4e03-b2a4-b17659bfcca7,2026-03-13 00:08:34.847185+00:00,2026-03-13 00:13:35.119136+00:00,2026-03-13 00:08:34.898068+00:00,user,,,shopify_webchat,False,False,False,,False,,,b1e1211b-8006-40a4-b66c-6f4952865d32,,Sommelier,,51a4ed45-47c2-4157-bbf6-e55c192e4546,1
590088f8-c127-4202-acca-406eb9a779ca,590088f8-c127-4202-acca-406eb9a779ca,2026-03-13 00:13:33.845622+00:00,2026-03-13 00:18:34.091161+00:00,2026-03-13 00:13:33.905766+00:00,user,,,shopify_webchat,False,False,False,,False,,,b1e1211b-8006-40a4-b66c-6f4952865d32,,Sommelier,,31ace4e4-73a9-4f90-b258-02853d2abddb,1
57a88907-d5fb-425d-98a3-28912f23f283,57a88907-d5fb-425d-98a3-28912f23f283,2026-03-13 00:13:34.957980+00:00,2026-03-13 00:18:35.106023+00:00,2026-03-13 00:13:34.984165+00:00,user,,,shopify_webchat,False,False,False,,False,,,b1e1211b-8006-40a4-b66c-6f4952865d32,,Sommelier,,31ace4e4-73a9-4f90-b258-02853d2abddb,1
41800e14-d342-468e-a121-7f666e5ce4d9,41800e14-d342-468e-a121-7f666e5ce4d9,2026-03-13 00:13:36.836851+00:00,2026-03-13 00:18:37.001758+00:00,2026-03-13 00:13:36.891318+00:00,user,,,shopify_webchat,False,False,False,,False,,,b1e1211b-8006-40a4-b66c-6f4952865d32,,Sommelier,,51a4ed45-47c2-4157-bbf6-e55c192e4546,1
88251b6b-c5ad-494f-b01e-a9ff4257cb5f,88251b6b-c5ad-494f-b01e-a9ff4257cb5f,2026-03-13 00:23:41.812877+00:00,2026-03-13 00:28:42.018168+00:00,2026-03-13 00:23:41.855098+00:00,user,,,shopify_webchat,False,False,False,,False,,,b1e1211b-8006-40a4-b66c-6f4952865d32,,Sommelier,,544eeef0-9687-4094-830d-ed15fbaa5063,1
cd71b386-1b3d-4cf0-b031-b1778b90d7ef,cd71b386-1b3d-4cf0-b031-b1778b90d7ef,2026-03-13 00:13:37.144887+00:00,2026-03-13 00:18:37.215578+00:00,2026-03-13 00:13:37.158508+00:00,user,,,shopify_webchat,False,False,False,,False,,,b1e1211b-8006-40a4-b66c-6f4952865d32,,Sommelier,,544eeef0-9687-4094-830d-ed15fbaa5063,1
ae44436c-805f-4e3a-a9f1-7dfdb25e3e34,ae44436c-805f-4e3a-a9f1-7dfdb25e3e34,2026-03-13 00:28:43.808937+00:00,2026-03-13 00:32:00.259789+00:00,2026-03-13 00:28:43.844355+00:00,user,,,shopify_webchat,False,False,False,,False,,,b1e1211b-8006-40a4-b66c-6f4952865d32,,Sommelier,,544eeef0-9687-4094-830d-ed15fbaa5063,1
72ac45af-3506-41ee-85b3-5353f0732b91,72ac45af-3506-41ee-85b3-5353f0732b91,2026-03-13 01:05:38.966133+00:00,2026-03-13 01:10:39.029959+00:00,2026-03-13 01:05:38.969521+00:00,user,,,shopify_webchat,False,False,False,,False,,,b1e1211b-8006-40a4-b66c-6f4952865d32,,Sommelier,,f9e15981-4a53-47d6-a1bc-1ef5096003cb,1
90a1f160-c8fa-4088-af17-b2540c345ddf,90a1f160-c8fa-4088-af17-b2540c345ddf,2026-03-13 00:18:39.309081+00:00,2026-03-13 00:23:39.442807+00:00,2026-03-13 00:18:39.328825+00:00,user,,,shopify_webchat,False,False,False,,False,,,b1e1211b-8006-40a4-b66c-6f4952865d32,,Sommelier,,544eeef0-9687-4094-830d-ed15fbaa5063,1
5f2c0444-e794-4e0a-9986-710a45a7a4f1,5f2c0444-e794-4e0a-9986-710a45a7a4f1,2026-03-13 01:05:40.669432+00:00,2026-03-13 01:10:40.921659+00:00,2026-03-13 01:05:40.676542+00:00,user,,,shopify_webchat,False,False,False,,False,,,b1e1211b-8006-40a4-b66c-6f4952865d32,,Sommelier,,544eeef0-9687-4094-830d-ed15fbaa5063,1
900d4b8e-692c-4615-9296-c365342df42c,900d4b8e-692c-4615-9296-c365342df42c,2026-03-13 01:05:42.348400+00:00,2026-03-13 01:10:42.460595+00:00,2026-03-13 01:05:42.352403+00:00,user,,,shopify_webchat,False,False,False,,False,,,b1e1211b-8006-40a4-b66c-6f4952865d32,,Sommelier,,6fcfe53c-1de8-48f1-b812-4035b1fd6016,1
9ae1b9d4-bc81-443e-a5ca-4f78d1dfc76d,9ae1b9d4-bc81-443e-a5ca-4f78d1dfc76d,2026-03-13 00:32:10.899527+00:00,2026-03-13 00:37:11.075348+00:00,2026-03-13 00:32:10.926078+00:00,user,,,shopify_webchat,False,False,False,,False,,,b1e1211b-8006-40a4-b66c-6f4952865d32,,Sommelier,,544eeef0-9687-4094-830d-ed15fbaa5063,1
745a0782-ab46-440b-95ab-00c03a3f6f12,745a0782-ab46-440b-95ab-00c03a3f6f12,2026-03-13 00:13:37.022998+00:00,2026-03-13 00:32:55.418529+00:00,2026-03-13 00:13:37.040120+00:00,user,,,shopify_webchat,False,False,False,,False,,,b1e1211b-8006-40a4-b66c-6f4952865d32,,Sommelier,,31ace4e4-73a9-4f90-b258-02853d2abddb,1
c97221d3-0014-4e87-a368-eede8e1256b7,c97221d3-0014-4e87-a368-eede8e1256b7,2026-03-13 00:33:09.735634+00:00,2026-03-13 00:33:12.800923+00:00,2026-03-13 00:33:09.739314+00:00,user,,,shopify_webchat,False,False,False,,False,,,b1e1211b-8006-40a4-b66c-6f4952865d32,,Sommelier,,ebd11a6f-a0db-404d-abb7-2543d4cbf5af,1
005a702d-07b1-4caa-817b-0acb5b2c85e8,005a702d-07b1-4caa-817b-0acb5b2c85e8,2026-03-13 01:05:38.703090+00:00,2026-03-13 01:10:38.866520+00:00,2026-03-13 01:05:38.730051+00:00,user,,,shopify_webchat,False,False,False,,False,,,b1e1211b-8006-40a4-b66c-6f4952865d32,,Sommelier,,ebd11a6f-a0db-404d-abb7-2543d4cbf5af,1
f836a258-9cc3-4352-83bd-6c36e4f18b9d,f836a258-9cc3-4352-83bd-6c36e4f18b9d,2026-03-13 01:10:33.813446+00:00,2026-03-13 01:11:24.664154+00:00,2026-03-13 01:10:33.817677+00:00,user,,,shopify_webchat,False,False,False,,False,,,b1e1211b-8006-40a4-b66c-6f4952865d32,,Sommelier,,51a4ed45-47c2-4157-bbf6-e55c192e4546,1
6a510ab4-9afe-4fa8-9785-6748f05faff2,6a510ab4-9afe-4fa8-9785-6748f05faff2,2026-03-13 01:10:44.740914+00:00,2026-03-13 01:12:47.900827+00:00,2026-03-13 01:10:44.767269+00:00,user,,,shopify_webchat,False,False,False,,False,,,b1e1211b-8006-40a4-b66c-6f4952865d32,,Sommelier,,6fcfe53c-1de8-48f1-b812-4035b1fd6016,1
9d0fac05-4ff7-4a51-b233-a497d333ea7b,9d0fac05-4ff7-4a51-b233-a497d333ea7b,2026-03-13 01:10:42.791073+00:00,2026-03-13 01:12:47.913411+00:00,2026-03-13 01:10:42.836944+00:00,user,,,shopify_webchat,False,False,False,,False,,,b1e1211b-8006-40a4-b66c-6f4952865d32,,Sommelier,,544eeef0-9687-4094-830d-ed15fbaa5063,1
0dda4dcd-c5fd-4ad6-b7d6-0fcbddd1f242,0dda4dcd-c5fd-4ad6-b7d6-0fcbddd1f242,2026-03-13 01:10:41.185623+00:00,2026-03-13 01:12:47.922221+00:00,2026-03-13 01:10:41.235555+00:00,user,,,shopify_webchat,False,False,False,,False,,,b1e1211b-8006-40a4-b66c-6f4952865d32,,Sommelier,,f9e15981-4a53-47d6-a1bc-1ef5096003cb,1
dca3a2a8-a1d6-472f-bb2a-7ac80eca9d64,dca3a2a8-a1d6-472f-bb2a-7ac80eca9d64,2026-03-13 01:10:40.822350+00:00,2026-03-13 01:12:47.931863+00:00,2026-03-13 01:10:40.873886+00:00,user,,,shopify_webchat,False,False,False,,False,,,b1e1211b-8006-40a4-b66c-6f4952865d32,,Sommelier,,ebd11a6f-a0db-404d-abb7-2543d4cbf5af,1
09984d3c-f6b4-4859-b005-d69c93f62534,09984d3c-f6b4-4859-b005-d69c93f62534,2026-03-13 01:12:57.786548+00:00,2026-03-13 01:17:57.947302+00:00,2026-03-13 01:12:57.808449+00:00,user,,,shopify_webchat,False,False,False,,False,,,b1e1211b-8006-40a4-b66c-6f4952865d32,,Sommelier,,6fcfe53c-1de8-48f1-b812-4035b1fd6016,1
7d51fd31-ec9e-4711-a531-8b1edf9c5f25,7d51fd31-ec9e-4711-a531-8b1edf9c5f25,2026-03-13 01:12:58.037051+00:00,2026-03-13 01:17:58.145782+00:00,2026-03-13 01:12:58.063237+00:00,user,,,shopify_webchat,False,False,False,,False,,,b1e1211b-8006-40a4-b66c-6f4952865d32,,Sommelier,,544eeef0-9687-4094-830d-ed15fbaa5063,1
09684f95-ee35-410e-a504-a1b7bbbf86e6,09684f95-ee35-410e-a504-a1b7bbbf86e6,2026-03-13 01:12:58.266617+00:00,2026-03-13 01:17:58.384521+00:00,2026-03-13 01:12:58.295174+00:00,user,,,shopify_webchat,False,False,False,,False,,,b1e1211b-8006-40a4-b66c-6f4952865d32,,Sommelier,,f9e15981-4a53-47d6-a1bc-1ef5096003cb,1
a1a32129-fe9d-45d8-82c7-8f1a0076466c,a1a32129-fe9d-45d8-82c7-8f1a0076466c,2026-03-13 01:12:58.765720+00:00,2026-03-13 01:17:58.944208+00:00,2026-03-13 01:12:58.779497+00:00,user,,,shopify_webchat,False,False,False,,False,,,b1e1211b-8006-40a4-b66c-6f4952865d32,,Sommelier,,ebd11a6f-a0db-404d-abb7-2543d4cbf5af,1
72efee32-cf81-4cc0-81dc-34df75851e99,72efee32-cf81-4cc0-81dc-34df75851e99,2026-03-13 01:18:00.132660+00:00,2026-03-13 01:23:00.221388+00:00,2026-03-13 01:18:00.154675+00:00,user,,,shopify_webchat,False,False,False,,False,,,b1e1211b-8006-40a4-b66c-6f4952865d32,,Sommelier,,6fcfe53c-1de8-48f1-b812-4035b1fd6016,1
038c59a1-cc4a-4aab-b0f7-73a4b0420ae9,038c59a1-cc4a-4aab-b0f7-73a4b0420ae9,2026-03-13 01:18:00.345792+00:00,2026-03-13 01:23:00.430954+00:00,2026-03-13 01:18:00.363899+00:00,user,,,shopify_webchat,False,False,False,,False,,,b1e1211b-8006-40a4-b66c-6f4952865d32,,Sommelier,,544eeef0-9687-4094-830d-ed15fbaa5063,1
1c28f53e-da86-48d2-a892-e7865605ae84,1c28f53e-da86-48d2-a892-e7865605ae84,2026-03-13 01:18:01.040803+00:00,2026-03-13 01:23:01.188524+00:00,2026-03-13 01:18:01.087571+00:00,user,,,shopify_webchat,False,False,False,,False,,,b1e1211b-8006-40a4-b66c-6f4952865d32,,Sommelier,,ebd11a6f-a0db-404d-abb7-2543d4cbf5af,1
797f698c-c535-432e-aa60-f2b3b3aa7d64,797f698c-c535-432e-aa60-f2b3b3aa7d64,2026-03-13 00:33:13.725957+00:00,2026-03-13 01:50:29.249528+00:00,2026-03-13 01:30:49.318630+00:00,user,,,shopify_webchat,False,False,False,,True,,,b1e1211b-8006-40a4-b66c-6f4952865d32,,Sommelier,,ebd11a6f-a0db-404d-abb7-2543d4cbf5af,1
0ed017c6-729e-4754-8377-4be819a109ff,0ed017c6-729e-4754-8377-4be819a109ff,2026-03-13 01:17:59.856271+00:00,2026-03-13 01:23:00.048971+00:00,2026-03-13 01:17:59.890194+00:00,user,,,shopify_webchat,False,False,False,,False,,,b1e1211b-8006-40a4-b66c-6f4952865d32,,Sommelier,,f9e15981-4a53-47d6-a1bc-1ef5096003cb,1
0c59a6c5-a53b-4493-8fdb-2caee8e34eb1,0c59a6c5-a53b-4493-8fdb-2caee8e34eb1,2026-03-13 01:23:02.989877+00:00,2026-03-13 01:25:08.922912+00:00,2026-03-13 01:23:03.016253+00:00,user,,,shopify_webchat,False,False,False,,False,,,b1e1211b-8006-40a4-b66c-6f4952865d32,,Sommelier,,ebd11a6f-a0db-404d-abb7-2543d4cbf5af,1
7f712f54-beec-4c3c-b1a0-de6749376f17,7f712f54-beec-4c3c-b1a0-de6749376f17,2026-03-13 01:23:02.748556+00:00,2026-03-13 01:25:08.934395+00:00,2026-03-13 01:23:02.771474+00:00,user,,,shopify_webchat,False,False,False,,False,,,b1e1211b-8006-40a4-b66c-6f4952865d32,,Sommelier,,544eeef0-9687-4094-830d-ed15fbaa5063,1
099918e8-253e-4a10-a7b6-3ce291359204,099918e8-253e-4a10-a7b6-3ce291359204,2026-03-13 01:23:02.129594+00:00,2026-03-13 01:25:08.944401+00:00,2026-03-13 01:23:02.162860+00:00,user,,,shopify_webchat,False,False,False,,False,,,b1e1211b-8006-40a4-b66c-6f4952865d32,,Sommelier,,6fcfe53c-1de8-48f1-b812-4035b1fd6016,1
12450be4-bae4-4000-b27b-11fbdabf6de6,12450be4-bae4-4000-b27b-11fbdabf6de6,2026-03-13 01:23:01.873398+00:00,2026-03-13 01:25:08.953958+00:00,2026-03-13 01:23:01.892607+00:00,user,,,shopify_webchat,False,False,False,,False,,,b1e1211b-8006-40a4-b66c-6f4952865d32,,Sommelier,,f9e15981-4a53-47d6-a1bc-1ef5096003cb,1
61d5070c-a032-4241-ae96-fdf28554d9eb,61d5070c-a032-4241-ae96-fdf28554d9eb,2026-03-13 01:40:25.772027+00:00,2026-03-13 01:45:25.954430+00:00,2026-03-13 01:40:25.797475+00:00,user,,,shopify_webchat,False,False,False,,False,,,b1e1211b-8006-40a4-b66c-6f4952865d32,,Sommelier,,f9e15981-4a53-47d6-a1bc-1ef5096003cb,1
6a1ab22b-1f4c-43f6-8576-bf2267d4463c,6a1ab22b-1f4c-43f6-8576-bf2267d4463c,2026-03-13 01:40:27.013655+00:00,2026-03-13 01:45:27.166145+00:00,2026-03-13 01:40:27.047322+00:00,user,,,shopify_webchat,False,False,False,,False,,,b1e1211b-8006-40a4-b66c-6f4952865d32,,Sommelier,,544eeef0-9687-4094-830d-ed15fbaa5063,1
65861044-5c45-4f56-8990-92727e35f198,65861044-5c45-4f56-8990-92727e35f198,2026-03-13 01:40:27.302812+00:00,2026-03-13 01:45:27.422181+00:00,2026-03-13 01:40:27.332543+00:00,user,,,shopify_webchat,False,False,False,,False,,,b1e1211b-8006-40a4-b66c-6f4952865d32,,Sommelier,,6fcfe53c-1de8-48f1-b812-4035b1fd6016,1
b857efd8-156e-465a-b683-f05d9619f173,b857efd8-156e-465a-b683-f05d9619f173,2026-03-13 01:35:23.870688+00:00,2026-03-13 01:40:24.034422+00:00,2026-03-13 01:35:23.916392+00:00,user,,,shopify_webchat,False,False,False,,False,,,b1e1211b-8006-40a4-b66c-6f4952865d32,,Sommelier,,f9e15981-4a53-47d6-a1bc-1ef5096003cb,1
6d2bfb49-fd22-498d-9466-7229a35340b1,6d2bfb49-fd22-498d-9466-7229a35340b1,2026-03-13 01:35:24.805188+00:00,2026-03-13 01:40:24.952259+00:00,2026-03-13 01:35:24.834218+00:00,user,,,shopify_webchat,False,False,False,,False,,,b1e1211b-8006-40a4-b66c-6f4952865d32,,Sommelier,,6fcfe53c-1de8-48f1-b812-4035b1fd6016,1
9c9deac2-b066-4418-b905-9b04fdacd6c9,9c9deac2-b066-4418-b905-9b04fdacd6c9,2026-03-13 01:25:19.688282+00:00,2026-03-13 01:30:19.803486+00:00,2026-03-13 01:25:19.701243+00:00,user,,,shopify_webchat,False,False,False,,False,,,b1e1211b-8006-40a4-b66c-6f4952865d32,,Sommelier,,6fcfe53c-1de8-48f1-b812-4035b1fd6016,1
69a9ca9c-7b2b-445f-82b6-040c639d30f1,69a9ca9c-7b2b-445f-82b6-040c639d30f1,2026-03-13 01:25:19.882630+00:00,2026-03-13 01:30:19.981772+00:00,2026-03-13 01:25:19.896040+00:00,user,,,shopify_webchat,False,False,False,,False,,,b1e1211b-8006-40a4-b66c-6f4952865d32,,Sommelier,,f9e15981-4a53-47d6-a1bc-1ef5096003cb,1
80ead697-47e2-4db2-9204-9febfff78e7e,80ead697-47e2-4db2-9204-9febfff78e7e,2026-03-13 01:25:20.716424+00:00,2026-03-13 01:30:20.848847+00:00,2026-03-13 01:25:20.734491+00:00,user,,,shopify_webchat,False,False,False,,False,,,b1e1211b-8006-40a4-b66c-6f4952865d32,,Sommelier,,544eeef0-9687-4094-830d-ed15fbaa5063,1
836597f6-a350-41e8-8ea9-7f79080647a6,836597f6-a350-41e8-8ea9-7f79080647a6,2026-03-13 01:35:25.074254+00:00,2026-03-13 01:40:25.148956+00:00,2026-03-13 01:35:25.085553+00:00,user,,,shopify_webchat,False,False,False,,False,,,b1e1211b-8006-40a4-b66c-6f4952865d32,,Sommelier,,544eeef0-9687-4094-830d-ed15fbaa5063,1
f87a02de-b734-4c97-b704-c66d268a7073,f87a02de-b734-4c97-b704-c66d268a7073,2026-03-13 01:45:28.851107+00:00,2026-03-13 01:50:29.008583+00:00,2026-03-13 01:45:28.882377+00:00,user,,,shopify_webchat,False,False,False,,False,,,b1e1211b-8006-40a4-b66c-6f4952865d32,,Sommelier,,544eeef0-9687-4094-830d-ed15fbaa5063,1
fb76c06e-961d-444a-b266-bb23308f5b22,fb76c06e-961d-444a-b266-bb23308f5b22,2026-03-13 01:30:21.796155+00:00,2026-03-13 01:35:21.949251+00:00,2026-03-13 01:30:21.831911+00:00,user,,,shopify_webchat,False,False,False,,False,,,b1e1211b-8006-40a4-b66c-6f4952865d32,,Sommelier,,f9e15981-4a53-47d6-a1bc-1ef5096003cb,1
eb30ffb8-f9de-4462-b1e4-ebd154a4a1c6,eb30ffb8-f9de-4462-b1e4-ebd154a4a1c6,2026-03-13 01:30:22.419477+00:00,2026-03-13 01:35:22.537522+00:00,2026-03-13 01:30:22.462835+00:00,user,,,shopify_webchat,False,False,False,,False,,,b1e1211b-8006-40a4-b66c-6f4952865d32,,Sommelier,,6fcfe53c-1de8-48f1-b812-4035b1fd6016,1
2cbeb3f6-5834-4d37-a110-38af462b547e,2cbeb3f6-5834-4d37-a110-38af462b547e,2026-03-13 01:30:22.802648+00:00,2026-03-13 01:35:22.953107+00:00,2026-03-13 01:30:22.844290+00:00,user,,,shopify_webchat,False,False,False,,False,,,b1e1211b-8006-40a4-b66c-6f4952865d32,,Sommelier,,544eeef0-9687-4094-830d-ed15fbaa5063,1
de5a344a-fdc7-4fea-bc3c-d8d8f0f66745,de5a344a-fdc7-4fea-bc3c-d8d8f0f66745,2026-03-13 01:45:29.880641+00:00,2026-03-13 01:50:30.036720+00:00,2026-03-13 01:45:29.926297+00:00,user,,,shopify_webchat,False,False,False,,False,,,b1e1211b-8006-40a4-b66c-6f4952865d32,,Sommelier,,6fcfe53c-1de8-48f1-b812-4035b1fd6016,1
1a2501ab-265f-4022-9ee4-033911ec04c5,1a2501ab-265f-4022-9ee4-033911ec04c5,2026-03-13 01:26:40.820075+00:00,2026-03-13 01:52:11.190023+00:00,2026-03-13 01:47:10.996708+00:00,user,,,shopify_webchat,False,False,False,,True,,,b1e1211b-8006-40a4-b66c-6f4952865d32,,Sommelier,,0baf06a2-0c63-4878-b6b1-a64ce84077f4,1
911f4aea-b279-48ed-afda-9a59e7cd0063,911f4aea-b279-48ed-afda-9a59e7cd0063,2026-03-13 01:27:50.475096+00:00,2026-03-13 01:53:00.996844+00:00,2026-03-13 01:48:00.818538+00:00,user,,,shopify_webchat,False,False,False,,False,,,b1e1211b-8006-40a4-b66c-6f4952865d32,,Sommelier,,ebb21984-43d0-4f1a-aed3-1350b2a69dee,1
82cbe4ac-d8c3-466d-b2b5-53771efa15ed,82cbe4ac-d8c3-466d-b2b5-53771efa15ed,2026-03-13 01:45:27.809382+00:00,2026-03-13 01:50:28.034204+00:00,2026-03-13 01:45:27.843766+00:00,user,,,shopify_webchat,False,False,False,,False,,,b1e1211b-8006-40a4-b66c-6f4952865d32,,Sommelier,,f9e15981-4a53-47d6-a1bc-1ef5096003cb,1
